loss,custom_accuracy,val_loss,val_custom_accuracy
0.525738537311554,0.6831203103065491,0.6362711787223816,0.6682565212249756
0.5222571492195129,0.6862869262695312,0.6192310452461243,0.6756806969642639
0.5212694406509399,0.6874505281448364,0.6473857164382935,0.6838139891624451
0.5206950902938843,0.6880043148994446,0.6538643836975098,0.6771206855773926
