loss,custom_accuracy,val_loss,val_custom_accuracy
0.525738537311554,0.6831203103065491,0.6362711787223816,0.6682565212249756
