loss,custom_accuracy,val_loss,val_custom_accuracy
0.5151855945587158,0.6907995343208313,0.8048567175865173,0.6707765460014343
